url,title,snippet,ats_source,query_used,scraped_at
https://job-boards.greenhouse.io/sezzleinternships/jobs/7695734003?gh_src=my.greenhouse.search,Job Application for A.I. Engineering Intern (Colombia) at Sezzle ...,Proficiency in SQL and Python; Solid understanding of data analysis and ... Engineering Intern is 700 USD monthly gross. #Li-remote #Full-time. Apply for ...,greenhouse,"site:greenhouse.io Python Intern ""remote"" after:2026-04-26",2026-05-03T22:36:39.617797Z
https://job-boards.greenhouse.io/kaseya/jobs/5968645004,Senior Staff Applied ML Engineer - Kaseya,"Apply to join the Kaseya team as a Senior Staff Applied ML Engineer in our India - Remote office ... Explore and analyze data using Python, pandas, and PySpark ( ...",greenhouse,"site:greenhouse.io Python Intern ""remote"" after:2026-04-26",2026-05-03T22:36:39.617797Z
https://job-boards.greenhouse.io/rdccareers/jobs/7652491003?utm_source=Simplify&ref=Simplify,"Job Application for Intern, Data Scientist at Realtor.com Careers","Please note: Our Internship Program is based in Austin, TX, and follows a hybrid schedule (three days on-site, two days remote). Visa sponsorship and ...",greenhouse,"site:greenhouse.io Python Intern ""remote"" after:2026-04-26",2026-05-03T22:36:39.617797Z
https://job-boards.greenhouse.io/kaseya/jobs/5968631004,Staff Software Engineer - 260413-11 - Kaseya,Apply to join the Kaseya team as a Staff Software Engineer - 260413-11 in our India - Remote office. Kaseya is the leading global provider of complete IT ...,greenhouse,"site:greenhouse.io Python Intern ""remote"" after:2026-04-26",2026-05-03T22:36:39.617797Z
https://job-boards.greenhouse.io/alixpartners/jobs/7713761003,Performance Analyst | AlixPartners,Ability to work full time in an office and remote environment; physically able to sit/stand at a computer and work in front of a computer screen for significant ...,greenhouse,"site:greenhouse.io Python Intern ""remote"" after:2026-04-26",2026-05-03T22:36:39.617797Z
https://job-boards.eu.greenhouse.io/veeamsoftware/jobs/4849334101,Job Application for Business Intelligence Analyst at Veeam Software,"Python: Data analysis and validation scripts; Statistics: Regression ... #LI-KC1 #LI-Remote. What you'll get. Unlimited paid time off, 12 paid holidays ...",greenhouse,"site:greenhouse.io Python Intern ""remote"" after:2026-04-26",2026-05-03T22:36:39.617797Z
https://jobs.lever.co/gravisrobotics/f1e45c8f-9b80-45f2-af1d-c2510252f0b3,Gravis Robotics - Software Engineer Internship - Lever,Our unique combination of learning-based automation and augmented remote ... Experience with C++ and Python; Proficiency with Linux and Git; Experience with ...,lever,"site:jobs.lever.co Python Intern ""remote"" after:2026-04-26",2026-05-03T22:36:39.617797Z
https://jobs.lever.co/aledade/53b2340f-db00-4188-93bd-ce039045130d,Aledade - Summer Internship - Security Engineering - Lever,Collaborate with the security engineering team to automate security processes using scripting languages such as Python or Bash. ... remote-first culture - you've ...,lever,"site:jobs.lever.co Python Intern ""remote"" after:2026-04-26",2026-05-03T22:36:39.617797Z
https://jobs.lever.co/actian/9dcc3a2f-9408-4b7d-9305-ef03ba3e4523,Actian Corporation - Executive Intelligence & AI Strategy Intern - Lever,"What It's Like Interning with Us! Intern Events— just because the internship is remote, doesn't mean we don't have time for fun! Regular intern events will ...",lever,"site:jobs.lever.co Python Intern ""remote"" after:2026-04-26",2026-05-03T22:36:39.617797Z
https://jobs.lever.co/verygoodsecurity/bb83ac14-122a-4156-8b0a-7168f5749831,Security Operations Intern - VGS - Lever,"At VGS, we have a remote-first philosophy because we believe flexibility leads to great work and a healthy work-life balance. That said, if you live within 30 ...",lever,"site:jobs.lever.co Python Intern ""remote"" after:2026-04-26",2026-05-03T22:36:39.617797Z
https://apply.workable.com/algaecal/j/136B8F7B5B/,Data Scientist Intern (New Graduates) - AlgaeCal - Jobs By Workable,"Casual dress code; Incredible dog friendly, Yaletown office one block from SkyTrain; Remote working is okay with us too. And above all, you'll join ...",workable,"site:apply.workable.com Python Intern ""remote"" after:2026-04-26",2026-05-03T22:36:39.617797Z
https://apply.workable.com/mila-2/j/1D42A602C6/,Stagiaire de recherche - Télédétection / Research Intern - Mila,Prior experience in self-supervised learning. Prior experience in foundation models for remote sensing. Experience in rapid prototyping using AI platforms for ...,workable,"site:apply.workable.com Python Intern ""remote"" after:2026-04-26",2026-05-03T22:36:39.617797Z
https://jobs.jobvite.com/innio-de/job/ouB1zfwp,Simulation Engineer Intern – 1D/3D CFD Simulation Team - Jobvite,"Flexible working time model, possibility of remote work; Convenient office ... Programming experience with Python, C, Matlab and/or Modelica is an advantage ...",jobvite,"site:jobs.jobvite.com Python Intern ""remote"" after:2026-04-26",2026-05-03T22:36:39.617797Z
https://jobs.smartrecruiters.com/Tietoevry1/744000123727384-lia-internship-sw-developer-tieto-caretech-m-f-d-,Tietoevry LIA (internship) SW Developer - Tieto Caretech (m/f/d),"Remote Type: Hybrid; Job Area: Application and Product Development; Business ... Python, or JavaScript) ✔️ You have a foundational understanding of ...",smartrecruiters,"site:jobs.smartrecruiters.com Python Intern ""remote"" after:2026-04-26",2026-05-03T22:36:39.617797Z
https://jobs.smartrecruiters.com/RenesasElectronics/744000123846770-robotic-ai-intern-ai-,Renesas Electronics Robotic AI Intern（实习生岗位：机器人+AI）,Remote Work Available: No. Job Description. About the Role. We are looking for a high potential Robotic AI Intern o join our robotics and AI solution team.,smartrecruiters,"site:jobs.smartrecruiters.com Python Intern ""remote"" after:2026-04-26",2026-05-03T22:36:39.617797Z
https://jobs.smartrecruiters.com/RenesasElectronics/744000124030929-validation-engineer-intern,Renesas Electronics Validation Engineer Intern | SmartRecruiters,"Our people-first culture and global support system, including the remote work option and Employee Resource Groups, will help you excel from the first day. Are ...",smartrecruiters,"site:jobs.smartrecruiters.com Python Intern ""remote"" after:2026-04-26",2026-05-03T22:36:39.617797Z
https://jobs.smartrecruiters.com/RenesasElectronics/744000123256270-intern-embedded-engineer,Renesas Electronics Intern Embedded Engineer | SmartRecruiters,"Intern Embedded Engineer. Lviv, Ukraine; Full-time. Employment Type: Intern (INT); Remote Work Available: No. Job Description. We are looking for a highly ...",smartrecruiters,"site:jobs.smartrecruiters.com Python Intern ""remote"" after:2026-04-26",2026-05-03T22:36:39.617797Z
https://jobs.smartrecruiters.com/SmartDev1/744000123398949-solution-architect,SmartDev Solution Architect | SmartRecruiters,"We have over 100 talented employees working both on-site and remote/hybrid at locations: ... NET, Python / FastAPI; Frontend awareness across Angular, React ...",smartrecruiters,"site:jobs.smartrecruiters.com Python Intern ""remote"" after:2026-04-26",2026-05-03T22:36:39.617797Z
https://careers-cotiviti.icims.com/jobs/19075/temporary-intern---agentic-ai-%26-neural-symbolic-systems-%28healthcare%29/job,Temporary Intern - Agentic AI & Neural-Symbolic Systems (Healthcare),US Nationwide Remote is now hiring a Temporary Intern - Agentic AI & Neural ... Hands-on experience with Python or similar programming languages.,icims,"site:icims.com Python Intern ""remote"" after:2026-04-26",2026-05-03T22:36:39.617797Z
https://salesforce.wd12.myworkdayjobs.com/en-US/External_Career_Site/job/Summer-2026-Intern---AI---Data-Science-Analyst_JR340354-1,Summer 2026 Intern - AI & Data Science Analyst - Myworkdayjobs.com,"... Python, with comfort navigating AI/ML libraries and APIs. Solid grasp of ... Summer 2026 Intern - AI & Data Science Analyst. Apply. remote type: Office ...",workday,"site:myworkdayjobs.com Python Intern ""remote"" after:2026-04-26",2026-05-03T22:36:39.617797Z
https://agilent.wd5.myworkdayjobs.com/de-DE/Agilent_Student_Careers/job/AI-Intern---Functional-Operations-and-Enablement_4036951,AI Intern - Functional Operations and Enablement,Bewerben. locations: US-CA-Remote Location-Bay Area. time type: Full time. posted on: Posted 30+ Days Ago. job requisition id: 4036951. Job Description. The AI ...,workday,"site:myworkdayjobs.com Python Intern ""remote"" after:2026-04-26",2026-05-03T22:36:39.617797Z
https://jj.wd5.myworkdayjobs.com/en-US/JJ/job/Data-Science-Intern_R-065123,Data Science Intern - Myworkdayjobs.com,"... Python or R and common libraries (e.g., pandas, numpy, scikit‑learn) or ... Data Science Intern. Apply. remote type: Hybrid Work. locations: Beijing, China.",workday,"site:myworkdayjobs.com Python Intern ""remote"" after:2026-04-26",2026-05-03T22:36:39.617797Z
https://cisco.wd5.myworkdayjobs.com/cisco_careers/job/USA-SAN-JOSE/AI-Research-Scientist-I--Intern--United-States_2002885,AI Research Scientist I (Intern) United States - Myworkdayjobs.com,... Python and Go) and associated tools. Ability to analyze and interpret data ... AI Research Scientist I (Intern) United States. Apply. remote type: Hybrid.,workday,"site:myworkdayjobs.com Python Intern ""remote"" after:2026-04-26",2026-05-03T22:36:39.617797Z
https://gtsgbu.wd3.myworkdayjobs.com/en-US/Careers/job/Software-Analyst---Intern_R1012380,Software Analyst - Intern - Myworkdayjobs.com,Introduce Yourself. Software Analyst - Intern page is loaded. Software Analyst - Intern. Apply. remote type: Hybrid. locations: Toronto. time type: Full time.,workday,"site:myworkdayjobs.com Python Intern ""remote"" after:2026-04-26",2026-05-03T22:36:39.617797Z
https://henryschein.wd1.myworkdayjobs.com/en-US/External_Careers/job/Cybersecurity-Intern_R133203,Cybersecurity Intern - Myworkdayjobs.com,"... Python, SQL) is a plus Strong time management skills with the ability to ... United States - Remote. time type: Full time. posted on: Posted 18 Days Ago ...",workday,"site:myworkdayjobs.com Python Intern ""remote"" after:2026-04-26",2026-05-03T22:36:39.617797Z
https://jj.wd5.myworkdayjobs.com/en-US/JJ/job/Data-Science-Intern_R-071492,Data Science Intern - Myworkdayjobs.com,"... Python and/or R and SQL for data analysis Strong analytical, problem ... Data Science Intern. Apply. remote type: Hybrid Work. locations: Toronto, Ontario ...",workday,"site:myworkdayjobs.com Python Intern ""remote"" after:2026-04-26",2026-05-03T22:36:39.617797Z
https://gevernova.wd5.myworkdayjobs.com/Vernova_ExternalSite/job/Madrid/Intern-AI-Sourcing---Transformation_R5040065-2,Intern AI Sourcing & Transformation - Myworkdayjobs.com,... Python or similar programming language – strong advantage • Strong ... remote type: Hybrid. locations: Madrid: Budapest: Prague. time type: Full time.,workday,"site:myworkdayjobs.com Python Intern ""remote"" after:2026-04-26",2026-05-03T22:36:39.617797Z
https://hoopp.wd10.myworkdayjobs.com/en-US/HOOPPStudent/job/Investment-Analyst--Structured---Private-Credit--Student-Intern--Fall-2026---4-Months-_JR102390,"Investment Analyst, Structured & Private Credit, Student Intern (Fall ...","flexible hybrid work model that embraces remote work. the opportunity to make a difference and help take care of those who care for us, by providing a ...",workday,"site:myworkdayjobs.com Python Intern ""remote"" after:2026-04-26",2026-05-03T22:36:39.617797Z
https://tranetechnologies.wd12.myworkdayjobs.com/en-US/Trane_Technologies_Careers/job/XMLNAME-2026-Brainbox-AI-Intern_JR-3820,2026 Brainbox AI Intern - Myworkdayjobs.com,"2026 Brainbox AI Intern page is loaded. 2026 Brainbox AI Intern. Apply. remote type: On-Site (5 days). locations: Manchester, New Hampshire: Montreal, Quebec.",workday,"site:myworkdayjobs.com Python Intern ""remote"" after:2026-04-26",2026-05-03T22:36:39.617797Z
https://tranetechnologies.wd12.myworkdayjobs.com/Trane_Technologies_Careers/job/Manchester-New-Hampshire/XMLNAME-2026-Brainbox-AI-Intern_JR-3820,2026 Brainbox AI Intern - Myworkdayjobs.com,"2026 Brainbox AI Intern page is loaded. 2026 Brainbox AI Intern. Apply. remote type: On-Site (5 days). locations: Manchester, New Hampshire: Montreal, Quebec.",workday,"site:myworkdayjobs.com Python Intern ""remote"" after:2026-04-26",2026-05-03T22:36:39.617797Z
https://hoopp.wd10.myworkdayjobs.com/en-US/HOOPPStudent/job/Data-Engineer--Enterprise-Data-Platform--Student-Intern--Fall-2026---4-Months-_JR102377,"Data Engineer, Enterprise Data Platform, Student Intern (Fall 2026","flexible hybrid work model that embraces remote work. the opportunity to make a difference and help take care of those who care for us, by providing a ...",workday,"site:myworkdayjobs.com Python Intern ""remote"" after:2026-04-26",2026-05-03T22:36:39.617797Z
https://epiqsystems.wd503.myworkdayjobs.com/Epiq_Careers/job/Seattle-WA/Research-Intern-Fellow_R0034250,Research Intern Fellow - Myworkdayjobs.com,"Search for Jobs. Research Intern Fellow page is loaded. Research Intern Fellow. Apply. remote type: Onsite: Work in Office Full-Time. locations: Seattle, WA.",workday,"site:myworkdayjobs.com Python Intern ""remote"" after:2026-04-26",2026-05-03T22:36:39.617797Z
https://jj.wd5.myworkdayjobs.com/fr-FR/JJ/job/Data-Science---Multi-Omics-intern_R-059961,Data Science - Multi-Omics intern - Myworkdayjobs.com,Remote work options may be considered on a case-by-case basis and if approved by the Company. #LI-Hybrid. Required Skills: Preferred Skills: ...,workday,"site:myworkdayjobs.com Python Intern ""remote"" after:2026-04-26",2026-05-03T22:36:39.617797Z
https://hoopp.wd10.myworkdayjobs.com/en-US/HOOPPStudent/job/Investment-Analyst--Structured---Private-Credit--Student-Intern--Fall-2026---4-Months-_JR102390,"Investment Analyst, Structured & Private Credit, Student Intern (Fall ...","flexible hybrid work model that embraces remote work. the opportunity to make a difference and help take care of those who care for us, by providing a ...",workday,"site:myworkdayjobs.com Python Intern ""remote"" after:2026-04-26",2026-05-03T22:36:39.617797Z
https://jj.wd5.myworkdayjobs.com/fr-CA/JJ/job/Data-Science-Intern_R-071492,Data Science Intern - Myworkdayjobs.com,"Data Science Intern page is loaded. Data Science Intern. Postuler. remote type: Hybrid Work. locations: Toronto, Ontario, Canada. time type: Temps complet.",workday,"site:myworkdayjobs.com Python Intern ""remote"" after:2026-04-26",2026-05-03T22:36:39.617797Z
https://autodesk.wd1.myworkdayjobs.com/en-US/uni/job/Intern--AI-Developer---Stagiaire-en-dveloppement-IA_25WD93809-1,"Intern, AI Developer, Stagiaire développeur IA - Myworkdayjobs.com",... Python Une expérience de recherche dans le domaine de la vision par ... remote and hybrid work preferences. Learn More. About Autodesk. Welcome to ...,workday,"site:myworkdayjobs.com Python Intern ""remote"" after:2026-04-26",2026-05-03T22:36:39.617797Z
https://psu.wd1.myworkdayjobs.com/psu_staff/job/penn-state-berks/part-time---physics---internship_req_0000068406-1,Part Time - Physics - Internship - Myworkdayjobs.com,"Approval of remote and hybrid work is not guaranteed regardless of work location. For additional information on remote work at Penn State, see Notice to Out of ...",workday,"site:myworkdayjobs.com Python Intern ""remote"" after:2026-04-26",2026-05-03T22:36:39.617797Z
https://td.wd3.myworkdayjobs.com/en-US/TD_Bank_Careers/job/Business-Insights---Analytics-Co-op-Intern-Fall-2026_R_1482668,Business Insights & Analytics Co-op/Intern Fall 2026,"Thank you for your interest. TD requires employees to reside in the country where the role is located, irrespective of remote working arrangements; TD is ...",workday,"site:myworkdayjobs.com Python Intern ""remote"" after:2026-04-26",2026-05-03T22:36:39.617797Z
https://hoopp.wd10.myworkdayjobs.com/en-US/HOOPPStudent/job/Quantitative-Investment-Analyst--Student-Intern--Fall-2026---4-Months-_JR102396,"Quantitative Investment Analyst, Student Intern (Fall 2026 - 4 Months)","flexible hybrid work model that embraces remote work. the opportunity to make a difference and help take care of those who care for us, by providing a ...",workday,"site:myworkdayjobs.com Python Intern ""remote"" after:2026-04-26",2026-05-03T22:36:39.617797Z
https://cboe.wd1.myworkdayjobs.com/External_Career_CBOE/job/New-York-NY/Global-Derivatives-Business-Strategy-Research-Intern_R-4150,Global Derivatives Business Strategy Research Intern,"Competitive compensation · Flexible, hybrid work environment, 3 days in office, 2 days remote, per week. · 2:1 401(k) match, up to 8% match immediately upon hire.",workday,"site:myworkdayjobs.com Python Intern ""remote"" after:2026-04-26",2026-05-03T22:36:39.617797Z
https://hoopp.wd10.myworkdayjobs.com/en-US/HOOPPStudent/job/Analyst--Balance-Sheet---Liquidity-Management--Student-Intern--Fall-2026---4-Months-_JR102380,"Analyst, Balance Sheet & Liquidity Management, Student Intern (Fall ...","flexible hybrid work model that embraces remote work. the opportunity to make a difference and help take care of those who care for us, by providing a ...",workday,"site:myworkdayjobs.com Python Intern ""remote"" after:2026-04-26",2026-05-03T22:36:39.617797Z
https://ag.wd3.myworkdayjobs.com/de-DE/Airbus/job/Getafe-Area/XMLNAME--Discover-II-2026-2027---Satellite-Functional-Validation-Infrastructure-Engineer-Internship_JR10410429,#Discover II 2026-2027 / Satellite Functional Validation ...,"... intern, you will support our senior engineers in the setup and ... remote Ground Station Control Centers. Virtualization: Deploying and testing ...",workday,"site:myworkdayjobs.com Python Intern ""remote"" after:2026-04-26",2026-05-03T22:36:39.617797Z
https://hoopp.wd10.myworkdayjobs.com/en-US/HOOPPStudent/job/Investment-Operations--Capital-Markets--Student-Intern--Fall-2026---8-Months-_JR102381,"Investment Operations, Capital Markets, Student Intern (Fall 2026","flexible hybrid work model that embraces remote work. the opportunity to make a difference and help take care of those who care for us, by providing a ...",workday,"site:myworkdayjobs.com Python Intern ""remote"" after:2026-04-26",2026-05-03T22:36:39.617797Z
